{
  "manifest": {
    "apis": {
      "custom": {
        "endpoint": {
          "uri": "arn:aws:lambda:eu-west-1:038656132179:function:c6dff192-224b-49fe-a6d0-14316814720a:Release_0"
        },
        "interfaces": [],
        "regions": {
          "NA": {
            "endpoint": {
              "uri": "arn:aws:lambda:us-east-1:038656132179:function:c6dff192-224b-49fe-a6d0-14316814720a:Release_0"
            }
          },
          "EU": {
            "endpoint": {
              "uri": "arn:aws:lambda:eu-west-1:038656132179:function:c6dff192-224b-49fe-a6d0-14316814720a:Release_0"
            }
          },
          "FE": {
            "endpoint": {
              "uri": "arn:aws:lambda:us-west-2:038656132179:function:c6dff192-224b-49fe-a6d0-14316814720a:Release_0"
            }
          }
        }
      }
    },
    "manifestVersion": "1.0",
    "publishingInformation": {
      "distributionCountries": [],
      "isAvailableWorldwide": true,
      "locales": {
        "en-IN": {
          "name": "Adobe Campaign Status Report"
        }
      },
      "testingInstructions": "Sample Testing Instructions."
    }
  }
}