{
  "interactionModel": {
    "languageModel": {
      "invocationName": "adobe campaign report",
      "intents": [
        {
          "name": "AMAZON.CancelIntent",
          "samples": []
        },
        {
          "name": "AMAZON.HelpIntent",
          "samples": []
        },
        {
          "name": "AMAZON.StopIntent",
          "samples": []
        },
        {
          "name": "AMAZON.NavigateHomeIntent",
          "samples": []
        },
        {
          "name": "HelloWorldIntent",
          "slots": [],
          "samples": [
            "hello",
            "how are you",
            "say hi world",
            "say hi",
            "hi",
            "say hello world",
            "say hello"
          ]
        },
        {
          "name": "AMAZON.FallbackIntent",
          "samples": []
        },
        {
          "name": "campaignStatusInfo",
          "slots": [
            {
              "name": "campaignLabel",
              "type": "CAMPAIGNLABEL"
            }
          ],
          "samples": [
            "tell me status of {campaignLabel} campaign",
            "Is {campaignLabel} still running",
            "Did {campaignLabel} finished for today",
            "Did {campaignLabel} got executed for today",
            "status of {campaignLabel}",
            "What is the current status of {campaignLabel}"
          ]
        },
        {
          "name": "sendCampaignReport",
          "slots": [
            {
              "name": "campaignLabel",
              "type": "CAMPAIGNLABEL"
            },
            {
              "name": "fromDate",
              "type": "AMAZON.DATE"
            },
            {
              "name": "tillDate",
              "type": "AMAZON.DATE"
            }
          ],
          "samples": [
            "Email me {campaignLabel} report",
            "Email me report of {campaignLabel}",
            "send me report for {campaignLabel}",
            "send me {campaignLabel} report for {fromDate}",
            "Send report of {campaignLabel} to my email from {fromDate} to {tillDate}"
          ]
        }
      ],
      "types": [
        {
          "values": [
            {
              "name": {
                "value": "Loyalty Program",
                "synonyms": [
                  "Loyalty campaign"
                ]
              }
            },
            {
              "name": {
                "value": "Reward",
                "synonyms": [
                  "reward campaign"
                ]
              }
            },
            {
              "name": {
                "value": "Welcome Email",
                "synonyms": [
                  "welcome campaign",
                  "welcome edm"
                ]
              }
            },
            {
              "name": {
                "value": "Birthday",
                "synonyms": [
                  "Daily Birthday",
                  "B\u0027day"
                ]
              }
            },
            {
              "name": {
                "value": "Newsletter",
                "synonyms": [
                  "Daily Newsletter",
                  "newsletter"
                ]
              }
            }
          ],
          "name": "CAMPAIGNLABEL"
        }
      ]
    }
  },
  "version": "5"
}